{
    "$schema": "https://schema.management.azure.com/schemas/2015-01-01/deploymentParameters.json#",
    "contentVersion": "1.0.0.0",
    "parameters": {
        "virtualMachines_ubuntu_name": {
            "value": null
        },
        "virtualNetworks_crc_vnet_name": {
            "value": null
        },
        "sshPublicKeys_ansibleonly_name": {
            "value": null
        },
        "networkSecurityGroups_crc_sec_name": {
            "value": null
        },
        "networkInterfaces_ubuntuNetInt_name": {
            "value": null
        },
        "publicIPAddresses_ubuntuPublicIP_name": {
            "value": null
        }
    }
}